体质,回归系数(Coef),OR值,OR_95%CI_下限,OR_95%CI_上限,P值,显著性
气虚质,0.44973473059572,1.5678962154255036,0.8842889567739916,2.779972002945542,0.12377482356974605,ns
平和质,0.3027216507802711,1.3535376558521526,0.7268256754257063,2.520637682119153,0.33997325002160117,ns
湿热质,-0.18918342041933547,0.8276346876703357,0.4628384074991874,1.479953186980008,0.5234837640228449,ns
血瘀质,-0.1834805847559365,0.8323680362095881,0.4562954788399151,1.5183945049485754,0.5496877233827284,ns
阳虚质,0.07628917579417101,1.079274629133745,0.6059411910874892,1.922354416938124,0.7956174586387078,ns
特禀质,-0.056674407627863944,0.9449016720641026,0.5268980657245969,1.6945197334169242,0.8491672119283964,ns
气郁质,0.047882386339152615,1.0490472657791345,0.5836046489848928,1.885694652626329,0.8728521507917275,ns
痰湿质,-0.026146770603259553,0.9741920963537304,0.5874480259436037,1.6155475866543925,0.9193011920378975,ns
阴虚质,0.010767889308793114,1.0108260716751105,0.5669993161968597,1.802064513995607,0.9708814029598679,ns
