组合,长度,高风险支持度,高风险人数,非高风险支持度,对比Lift,综合得分
有饮酒 + 高TG(>1.92),2,0.35,70,0.01282051282051282,27.3,0.5898901501281582
老年(≥60岁) + 高TC(>6.16),2,0.36,72,0.0641025641025641,5.6160000000000005,0.355691688026364
