组合,长度,高风险支持度,高风险人数,非高风险支持度,对比Lift,综合得分
有饮酒 + 高TG(>0.48),2,0.35,70,0.02564102564102564,13.65,0.5897803806734992
老年(≥60岁) + 高TC(>0.64),2,0.365,73,0.0641025641025641,5.694,0.4210512445095168
